"FacilityId","Name","MaxClassName","GroundCategory","AreaName","PlaceName"
"1","2025년 월드컵 풋살구장(평일주간)","체육시설","풋살장","마포구","서울월드컵경기장>풋살구장"
"2","2025년 월드컵 풋살구장(평일새벽&middot;야간)","체육시설","풋살장","마포구","서울월드컵경기장>풋살구장"
"3","2025년 월드컵 풋살구장(휴일주간)","체육시설","풋살장","마포구","서울월드컵경기장>풋살구장"
"4","2025년 월드컵 풋살구장(휴일새벽&middot;야간)","체육시설","풋살장","마포구","서울월드컵경기장>풋살구장"
"5","인재개발원 축구장 대관","체육시설","축구장","서초구","인재개발원>축구장"
"6","서울어린이대공원 인조잔디축구장 2월 평일(주간)","체육시설","축구장","광진구","서울어린이대공원 잔디축구장"
"7","서울어린이대공원 인조잔디축구장 2월평일(야간)","체육시설","축구장","광진구","서울어린이대공원 잔디축구장"
"8","서울어린이대공원 인조잔디축구장 2월 토&middot;일&middot;공휴일(주간)","체육시설","축구장","광진구","서울어린이대공원 잔디축구장"
"9","서울어린이대공원 인조잔디축구장 2월 토&middot;일&middot;공휴일(야간)","체육시설","축구장","광진구","서울어린이대공원 잔디축구장"
"10","서울어린이대공원 인조잔디축구장 3월 평일(주간)","체육시설","축구장","광진구","서울어린이대공원 잔디축구장"
"11","서울어린이대공원 인조잔디축구장 3월평일(야간)","체육시설","축구장","광진구","서울어린이대공원 잔디축구장"
"12","서울어린이대공원 인조잔디축구장 3월 토&middot;일&middot;공휴일(주간)","체육시설","축구장","광진구","서울어린이대공원 잔디축구장"
"13","서울어린이대공원 인조잔디축구장 3월 토&middot;일&middot;공휴일(야간)","체육시설","축구장","광진구","서울어린이대공원 잔디축구장"
"14","잠실파크골프장","체육시설","골프장","송파구","잠실파크골프장"
"15","[평일주간] 2025년 고척스카이돔 야외 축구장(1분기)","체육시설","축구장","구로구","고척스카이돔"
"16","[평일새벽.야간] 2025년 고척스카이돔 야외 축구장(1분기)","체육시설","축구장","구로구","고척스카이돔"
"17","[휴일주간] 2025년 고척스카이돔 야외 축구장(1분기)","체육시설","축구장","구로구","고척스카이돔"
"18","[휴일새벽.야간] 2025년 고척스카이돔 야외 축구장(1분기)","체육시설","축구장","구로구","고척스카이돔"
"19","반포종합운동장 배드민턴 / 24년 9월 이후 / 예약서비스 이관(서초구공공체육시설통합예약)","체육시설","배드민턴장","서초구","반포종합운동장>배드민턴장"
"20","축구 / 방배 / (24년 10~이후)  서초구 예약시스템에서 예약가능","체육시설","축구장","서초구","방배배수지체육공원"
"21","풋살 / 방배 / (24년 10~이후)  서초구 예약시스템에서 예약가능","체육시설","풋살장","서초구","방배배수지체육공원"
"22","반포종합운동장 축구장 / &#39;24년 9월 이후 / 예약서비스 이관(서초구공공체육시설통합예약)","체육시설","축구장","서초구","반포종합운동장"
"23","[평일 주간] 2025년 망원유수지 풋살구장(상반기)","체육시설","풋살장","마포구","망원유수지 풋살장"
"24","[주말, 공휴일 주간] 2025년 망원유수지 풋살구장(상반기)","체육시설","풋살장","마포구","망원유수지 풋살장"
"25","[평일 야간] 2025년 망원유수지 풋살구장(상반기)","체육시설","풋살장","마포구","망원유수지 풋살장"
"26","[주말, 공휴일 야간] 2025년 망원유수지 풋살구장(상반기)","체육시설","풋살장","마포구","망원유수지 풋살장"
"27","한남테니스장 11번코트새벽","체육시설","테니스장","용산구","한남테니스장"
"28","우면 다목적구장 / 24년 9월 이후 / 예약서비스 이관(서초구공공체육시설통합예약)","체육시설","다목적경기장","서초구","우면체육시설"
"29","우면 족구장 / 24년 9월 이후 / 예약서비스 이관(서초구공공체육시설통합예약)","체육시설","족구장","서초구","우면체육시설"
"30","축구 / 양재 / (24년 10~이후)  서초구 예약시스템에서 예약가능","체육시설","축구장","서초구","양재근린공원 축구장"
"31","인재개발원 테니스장(인조잔디 A면) 대관","체육시설","테니스장","서초구","인재개발원 테니스장"
"32","인재개발원 테니스장(인조잔디 B면) 대관","체육시설","테니스장","서초구","인재개발원 테니스장"
"33","2월 탄천족구장(평일주간)","체육시설","족구장","송파구","탄천유수지"
"34","2월 탄천풋살장(평일주간)","체육시설","풋살장","송파구","탄천유수지"
"35","2월 탄천풋살장(주말,야간,공휴일)","체육시설","풋살장","송파구","탄천유수지"
"36","2월 탄천야구장(평일주간)","체육시설","야구장","송파구","탄천유수지"
"37","2월 탄천야구장(평야,주말,공휴일)","체육시설","야구장","송파구","탄천유수지"
"38","2월 탄천축구장(주말,공휴일)","체육시설","축구장","송파구","탄천유수지"
"39","3월 탄천족구장(평일주간)","체육시설","족구장","송파구","탄천유수지"
"40","3월 탄천야구장(평일주간)","체육시설","야구장","송파구","탄천유수지"
"41","3월 탄천야구장(평야,주말,공휴일)","체육시설","야구장","송파구","탄천유수지"
"42","3월 탄천풋살장(평일주간)","체육시설","풋살장","송파구","탄천유수지"
"43","3월 탄천풋살장(주말,야간,공휴일)","체육시설","풋살장","송파구","탄천유수지"
"44","3월 탄천축구장(평일주간)","체육시설","축구장","송파구","탄천유수지"
"45","3월 탄천축구장(주말,공휴일)","체육시설","축구장","송파구","탄천유수지"
"46","응봉산 인공암벽 등반시설","체육시설","교육시설","성동구","응봉산 인공암벽 등반시설"
"47","(25.2월)동작구 노들나루공원 축구장","체육시설","축구장","동작구","노들나루공원(노들배수지공원)"
"48","(25.2월)동작구 노들나루공원 풋살장","체육시설","풋살장","동작구","노들나루공원(노들배수지공원)"
"49","(25.2월)동작구 노들나루공원 족구장","체육시설","족구장","동작구","노들나루공원(노들배수지공원)"
"50","서남센터 테니스장10번 코트(평일)","체육시설","테니스장","강서구","서남물재생센터"
"51","(25.3월)동작구 노들나루공원 축구장","체육시설","축구장","동작구","노들나루공원(노들배수지공원)"
"52","(25.3월)동작구 노들나루공원 풋살장","체육시설","풋살장","동작구","노들나루공원(노들배수지공원)"
"53","(25.3월)동작구 노들나루공원 족구장","체육시설","족구장","동작구","노들나루공원(노들배수지공원)"
"54","탄천센터 테니스장 1면 조명쪽 (일원1,개포3동 주민 전용 시설) ","체육시설","테니스장","강남구","서울물재생시설공단>탄천물재생센터"
"55","탄천센터 테니스장 2면(일원1,개포3동 주민 대상 예약)","체육시설","테니스장","강남구","서울물재생시설공단>탄천물재생센터"
"56","서남센터 테니스장1번 65세이상(가양1동,방화1동&middot;3동) 전용코트(평일)","체육시설","테니스장","강서구","서남물재생센터"
"57","서남센터 테니스장2번 65세이상(가양1동,방화1동&middot;3동) 전용코트(평일)","체육시설","테니스장","강서구","서남물재생센터"
"58","서남센터 테니스장3번 가양1동,방화1동&middot;3동 전용코트(평일)","체육시설","테니스장","강서구","서남물재생센터"
"59","서남센터 테니스장4번 가양1동,방화1동&middot;3동 전용코트(평일)","체육시설","테니스장","강서구","서남물재생센터"
"60","서남센터 테니스장5번 코트(평일)","체육시설","테니스장","강서구","서남물재생센터"
"61","서남센터 테니스장6번 코트(평일)","체육시설","테니스장","강서구","서남물재생센터"
"62","서남센터 테니스장7번 코트(평일)","체육시설","테니스장","강서구","서남물재생센터"
"63","서남센터 테니스장8번 코트(평일)","체육시설","테니스장","강서구","서남물재생센터"
"64","서남센터 테니스장9번 코트(평일)","체육시설","테니스장","강서구","서남물재생센터"
"65","서남센터 테니스장11번 코트(평일)-월,수요일만 가능","체육시설","테니스장","강서구","서남물재생센터"
"66","서남센터 테니스장12번 코트(평일)-월,수요일만 가능","체육시설","테니스장","강서구","서남물재생센터"
"67","서남센터 테니스장2번 65세이상(가양1동,방화1동&middot;3동) 전용코트(주말/공휴일)","체육시설","테니스장","강서구","서남물재생센터"
"68","서남센터 테니스장3번 가양1동,방화1동&middot;3동  전용코트(주말/공휴일)","체육시설","테니스장","강서구","서남물재생센터"
"69","서남센터 테니스장4번 가양1동,방화1동&middot;3동  전용코트(주말/공휴일)","체육시설","테니스장","강서구","서남물재생센터"
"70","서남센터 테니스장5번 코트(주말/공휴일)","체육시설","테니스장","강서구","서남물재생센터"
"71","서남센터 테니스장6번 코트(주말/공휴일)","체육시설","테니스장","강서구","서남물재생센터"
"72","서남센터 테니스장7번 코트(주말/공휴일)","체육시설","테니스장","강서구","서남물재생센터"
"73","서남센터 테니스장8번 코트(주말/공휴일)","체육시설","테니스장","강서구","서남물재생센터"
"74","서남센터 테니스장9번 코트(주말/공휴일)","체육시설","테니스장","강서구","서남물재생센터"
"75","서남센터 테니스장10번 코트(주말/공휴일)","체육시설","테니스장","강서구","서남물재생센터"
"76","서남센터 테니스장11번 코트(주말/공휴일)","체육시설","테니스장","강서구","서남물재생센터"
"77","서남센터 테니스장12번 코트(주말/공휴일)","체육시설","테니스장","강서구","서남물재생센터"
"78","서남센터 탁구장(1번탁구대)","체육시설","탁구장","강서구","서남물재생센터"
"79","서남센터 축구장(평일)","체육시설","축구장","강서구","서남물재생센터"
"80","서남센터 탁구장(2번탁구대)","체육시설","탁구장","강서구","서남물재생센터"
"81","서남센터 탁구장(3번탁구대)","체육시설","탁구장","강서구","서남물재생센터"
"82","서남센터 탁구장(4번탁구대)","체육시설","탁구장","강서구","서남물재생센터"
"83","서남센터 테니스장1번 65세이상(가양1동,방화1동&middot;3동) 전용코트(주말/공휴일)","체육시설","테니스장","강서구","서남물재생센터"
"84","에코파크 족구장 1면","체육시설","족구장","강남구","에코파크"
"85","에코파크 풋살장","체육시설","풋살장","강남구","에코파크"
"86","에코파크 족구장 2면","체육시설","족구장","강남구","에코파크"
"87","마루공원 테니스장 1면","체육시설","테니스장","강남구","마루공원"
"88","마루공원 테니스장 2면","체육시설","테니스장","강남구","마루공원"
"89","마루공원 테니스장 3면","체육시설","테니스장","강남구","마루공원"
"90","마루공원 풋살장 1면","체육시설","풋살장","강남구","마루공원"
"91","마루공원 족구장 1면","체육시설","족구장","강남구","마루공원"
"92","마루공원 족구장 3면","체육시설","족구장","강남구","마루공원"
"93","마루공원 족구장 2면","체육시설","족구장","강남구","마루공원"
"94","탄천센터 축구장","체육시설","축구장","강남구","탄천센터"
"95","효창,효창운동장,축구경기장,일반대관,행사대관,촬영대관,연습경기,축구훈련","체육시설","축구장","용산구","효창운동장(축구장&amp;육상트랙)"
"96","효창,효창운동장,축구경기장,일반대관,행사대관,촬영대관,연습경기,축구훈련","체육시설","축구장","용산구","효창운동장(축구장&amp;육상트랙)"
"97","신도림테니스장 02월 평일 A코트 주간 접수(07시~09시 조명1시간 포함) ","체육시설","테니스장","구로구","신도림테니스장"
"98","신도림테니스장 02월 평일 A코트 주간 접수(09시~17시) ","체육시설","테니스장","구로구","신도림테니스장"
"99","신도림테니스장 02월 평일 A코트 주간 접수(17시~19시 조명1시간 포함) ","체육시설","테니스장","구로구","신도림테니스장"
"100","신도림테니스장 02월 평일 A코트 야간 접수(19시~21시 조명2시간 포함) ","체육시설","테니스장","구로구","신도림테니스장"
